{"cameraMode":{"drawMode":0,"name":"Shaded","section":"Shading Mode"},"sceneLighting":false,"audioPlay":false,"sceneViewState":{"m_AlwaysRefresh":false,"showFog":true,"showSkybox":true,"showFlares":true,"showImageEffects":true,"showParticleSystems":true,"showVisualEffectGraphs":true,"m_FxEnabled":true},"in2DMode":false,"pivot":{"x":14.009461402893067,"y":23.307191848754884,"z":-11.79157829284668},"rotation":{"x":0.3602336645126343,"y":-0.2975699007511139,"z":0.12244521826505661,"w":0.8756377100944519},"size":0.35801035165786745,"orthographic":false}